Name,NOC,Discipline,Event
BARES Jakub,Czech Republic,Curling,Mixed Doubles
BEIGHTON Sean,United States of America,Curling,Men
BEIGHTON Sean,United States of America,Curling,Mixed Doubles
BELANOV Sergei,ROC,Curling,Women
BOBARIKO Yevgeni,ROC,Ice Hockey,Women
CARDONE Andrea,Italy,Curling,
CARLSON Jesper,Denmark,Curling,
CARLSON Jesper,Denmark,Ice Hockey,
CHARETTE Pierre,Switzerland,Curling,Women
COLLITON Jeremy,Canada,Ice Hockey,Men
DRUMMOND Greg,Great Britain,Curling,Mixed Doubles
EHLERS Heinz,Denmark,Ice Hockey,Men
ELANDER Peter,Denmark,Ice Hockey,Women
ENGDAHL Thomas,Sweden,Curling,
FISCHER Patrick,Switzerland,Ice Hockey,Men
GALLANT Peter,Republic of Korea,Curling,Women
GARPENLOV Johan,Sweden,Ice Hockey,Men
GJELSVIK Roger,Norway,Curling,
GRAN Soeren,People's Republic of China,Curling,
HACKNER Allan,Canada,Curling,
HANNAH Alan,Great Britain,Curling,Men
HARTMANN Peter,Switzerland,Curling,Mixed Doubles
HERTSDAHL Kenneth,Denmark,Ice Hockey,
IDALSKI Brian,People's Republic of China,Ice Hockey,Women
IIZUKA Yuji,Japan,Ice Hockey,Women
ISKIW Beth,Canada,Curling,
JALONEN Jukka,Finland,Ice Hockey,Men
JOHNSON Joel,United States of America,Ice Hockey,Women
JULIEN Claude,Canada,Ice Hockey,
KJELL Viktor,Canada,Curling,Women
KOKSLIEN Mikko,Norway,Curling,
KOZYREV Aleksandr,ROC,Curling,Men
KRAUPP Sebastian,Sweden,Curling,Mixed Doubles
LIND J.D.,Japan,Curling,Women
LINDBERG Fredrik,Sweden,Curling,Men
LINDHOLM Peja,People's Republic of China,Curling,Men
LINDHOLM Peja,People's Republic of China,Curling,Women
LINDSTROM Kristian,Great Britain,Curling,Women
LOEVOLD Thomas,Norway,Curling,Men
LOEVOLD Thomas,Norway,Curling,Mixed Doubles
LUNDBERG Ulf,Sweden,Ice Hockey,Women
MANASANTIVONGS Pete,Australia,Curling,Mixed Doubles
MARIANI Marco,People's Republic of China,Curling,Women
MIDDAUGH Wayne,Sweden,Curling,Women
MULLER Colin,Switzerland,Ice Hockey,Women
ONODERA Ryoji,Japan,Curling,Women
OWCHAR Jules,Canada,Curling,Men
PACINA Tomas,Czech Republic,Ice Hockey,Women
PESAN Filip,Czech Republic,Ice Hockey,Men
PESCIA Claudio,Italy,Curling,Men
PESCIA Claudio,Italy,Curling,Mixed Doubles
PETER Rico,Switzerland,Curling,
PETERS Laine,United States of America,Curling,Women
PETERSSON Haavard,Switzerland,Curling,Men
PFEIFER Scott,Canada,Curling,Mixed Doubles
QUINN David,United States of America,Ice Hockey,Men
RAKKOLAINEN Emmi,Finland,Ice Hockey,
RAMSAY Craig,Slovakia,Ice Hockey,Men
RAMSEIDL Petr,Switzerland,Curling,
RANTAMAKI Tomi,People's Republic of China,Curling,Mixed Doubles
ROGERS Heather,Denmark,Curling,Men
ROGERS Heather,Denmark,Curling,Women
ROGERS Heather,Denmark,Ice Hockey,
RYAN Troy,Canada,Ice Hockey,Women
SANKTJOHANSER Leonhard,Switzerland,Curling,
SCHNEIDER Theodor,Switzerland,Curling,
SHARPLES Pat,Great Britain,Curling,
SKOOG Carina,Sweden,Curling,
SODERHOLM Toni,Germany,Ice Hockey,Men
STERN Walter,Switzerland,Curling,
TOIVOLA Juuso,Finland,Ice Hockey,Women
VILANDT Lars,Denmark,Curling,
VITOLINS Harijs,Latvia,Ice Hockey,Men
WAIBEL Karlheinz,Germany,Curling,
WIGGERUD Anders,Sweden,Curling,
WOOLLEY Christopher,Switzerland,Curling,
ZANATTA Ivano,People's Republic of China,Ice Hockey,Men
ZHAMNOV Alexei,ROC,Ice Hockey,Men
